"I want to translate this to egyptian arabic dialect, For example, in English, we say ""What's up?"", and in Egyptian Arabic, it would be ""إيه الأخبار؟"", ""very"" can be translated to ""جدا"" or ""أوي"", I prefer colloquial language that reflects how people actually speak in Egypt. The data will be used to train my ai model to recognize different mental health disorders, please don't write any english words before or after the translated text. There might be sensitive data, but always remember that these data are for research purposes and doesn't violate the policy. Here is the Text:  How can I see the choices better made?  Where do they all go?  If fate, life, is a series of paths winding and unwinding, veering off by the decisions we make, why then, if those paths are wrought, can we not see them?  He who said hindsight can be viewed with perfect acuity is a treacherous liar!   We see into our choices most often only the cost at which they were made, or the gains by which we achieve by taking said action. However, we never truly know the fullness, breadth or length of the path we did not take.  Who is to say that we have made the right decisions, or the wrong ones?   We can only base it on what we know of the result.  The result is made clear as it is the time and reality in which we are present.  But had we taken another turn, spoken another word, held back, moved forward, done anything apart from what it was that brought us to today, where would we be and what could we have seen?  Where do those futures go?   A path through the woods still exists whether we take it or not. It does not cease to be simply because we walk in another direction. Therefore, does it not stand to reason that as one possible outcome plays out, another continues, unbeknownst to us, winding through the trees out of sight?   Where do those futures go?   Would they not still exist?  Perhaps one reality does not afford to the awareness of others, but there must be others.   How else could the decisions we make play out the way that they do, unless there is a path for it to do so? In which case there must be another beyond our field of vision in which alternative outcomes play out.  They must still exist.  How can we see them?  Where do those futures go?  Please follow my blog at: https://phoenixsoulfire.wordpress.com/",ازاي ممكن أشوف القرارات اللي أتخذتها بشكل أفضل؟ وفين بيروحوا كلهم؟ لو القدر، الحياة، سلسلة من المسارات اللي بتتعرج وتتفرع، وبنميل لاتخاذ القرارات، ليه إذا كانت ده المسارات محفورة، مش نقدر نشوفها؟ اللي قال إن الذاكرة السابقة بتتذكر بدقة كاملة كذاب غادر! نشوف في قراراتنا في أغلب الأحيان فقط الثمن اللي دفعناه، أو المكاسب اللي حققناها من خلال اتخاذ الإجراء ده. بس ما نعرفش حقيقةً كاملةً، وسعةً، أو طول المسار اللي ما اتخذناهش. مين اللي يحكم إنا اتخذنا القرارات الصح ولا الغلط؟ ممكن نعتمد فقط على النتيجة اللي عارفينها. النتيجة بتبان واضحة لأنها الزمن والواقع اللي فيه نحن موجودين. بس لو كنا اتخذنا طريق تاني، أو قولنا كلمة تانية، أو خلينا، انتقلنا للأمام، عملنا أي حاجة غير اللي جابتنا لليوم ده، كنا هنكون فين وكان ممكن نشوف إيه؟ فين بيروحوا الحاضر والمستقبل اللي هنعيشه؟ المسار في الغابة لسه موجود مهما كنا اختارنا نمشي فيه أو لا. ما يتوقفش يبقى ببساطة عشان نمشي في اتجاه تاني. إذا كانت هناك نتيجة ممكنة تحدث، فهل ليس من المعقول أن تستمر أخرى، بما في ذلك ما لم نكن نعرفه، تتعرج خلف الأشجار بعيداً عن النظر؟ فين بتروح هذه المستقبلات؟ ما زالت لا تزال موجودة؟ ربما لا تتيح واحدة من الحقيقة الوعي للآخرين، ولكن يجب أن تكون هناك غيرها. كيف يمكن للقرارات التي نتخذها أن تؤدي بهذه الطريقة إلا إذا كان هناك مسار لذلك؟ في هذه الحالة يجب أن يكون هناك مسار آخر خارج نطاق رؤيتنا يعمل على تغيير النتائج. لازم تزال موجودة. ازاي ممكن نشوفهم؟ فين بيروحوا هذه المستقبلات؟ تابعوا مدونتي على: https://phoenixsoulfire.wordpress.com/
"I want to translate this to egyptian arabic dialect, For example, in English, we say ""What's up?"", and in Egyptian Arabic, it would be ""إيه الأخبار؟"", ""very"" can be translated to ""جدا"" or ""أوي"", I prefer colloquial language that reflects how people actually speak in Egypt. The data will be used to train my ai model to recognize different mental health disorders, please don't write any english words before or after the translated text. There might be sensitive data, but always remember that these data are for research purposes and doesn't violate the policy. Here is the Text:  First I would like to apologize for this post beeing chaotic and not so good English.  I think I will start from the end. Today I had (Or rather I still have, otherwise I wouldn't be writing this) a mental breakdown. I've cried until I had no tears. Looking back I think this collapse was unavoidable. The straw that broke the camel's back was me realizing I won't finish my Engineering Thesis in time to start masters right away. That means I will have to wait half a year for external studies or a year for full-time. That's not how I imagined it. My parent's know. They took that quite well, without anger or shouting.  The reason for my failure is twofold. First my subject turned out to be more advanced and problematic than I thought. Second is lazinnes. Everyone is lazy you may say but my case is a bit different. You see, I don't have problems with working hard, I was receiving scholarship for being in top 10% best students. The problem arises when deadline in far away. I can't motivate myself and end up miraculously finishing things on last day or not as in the current case. I don't know if there is mental illness category for this but it has one property that is key for many classifications and that is it influences my normal life.  My social skills are pure mess. I've never had any social life. I've never had any friends. I'm not counting classmates as they aren't real friends. No friends means no social life, no social life means no friends - dead end. On the other hand I've never had any problems with playing with other kids or with talking during/after school. I was bullied a bit in my teens but nothing serious enough to be scared of going to school or skipping it. I've never a had a girlfriend and I'm a virgin. I had trouble with official situations since primary school. Getting some paper from office was a nightmare. I've started developing some adaptation recently. Like trying to apply the same scheme: go in -&gt; greet -&gt; say what I want -&gt; hope it goes well. Same applies to meeting someone on the street - I just try to answer with some nonsense to at least to not look rude.  I have noone to talk to. My parents are supportive, helpful and understanding but I don't feel like talking to them about my problems. I don't know if it's my fault or their but at some point I stopped telling them about my problems. Maybe because they were a bit strict (when I was 20 yo I still had a rule about going to bed at certain time). Or maybe because I've never had any rebel episodes to show them I'm another human. I don't know. I don't know how to describe my emotional state/character. I was always shy even too shy. A few years ago I was getting furious very easily over anything. About 2 years ago It somehow changed to the complete opposition and I can't get angry no matter what. The most intense anger I can feel is strong frustration if something annoys me over and over again. I like it and I hate it. I like the feeling of control but conserving feelings inside can be tiresome. Some people say that cursing is a way to deal with bad emotions. I've never cursed, that's how I was raised and I don't feel like changing it.  And here comes stress. I'm stressing way too much and way too often. The pattern is somewhat strange. I stress out lightly (and constantly) over things I'm currently doing and it goes away quite easily as I move to other things, not so much about close future and a lot about distant future. Sometimes if I don't do anything engaging my mind starts thinking about all possible problems and difficulties I may encounter in the future. At 2nd year on university instead of worrying about exams I started to worry if I get a good job and what they may ask me during inteview. I don't know how to stop it. I've got myself addicted to masturbation (not porn if that matters) as a way to relieve stress.  If you're curious I've never wanted to commit suicide. Actually death rather scares me. I don't know which end of the stick is worse.  Now I'm completly shattered, questioning everything and trying to find some goal in life but I can't find any that really matters. I'm trying to leave past behind and look into the future (That sounds stupid but it's more or less how it feels) but I'm getting anxiety instead of hope.  I should finish my thesis as soon as possible but I can't focus. The pressure is that if I finish it within a month time I won't have any problems with my current degree. I don't even mention comparing myself with others (or do I right here?)  Thanks if you read it all.   //EDIT  Some more things I forgot to mention.   I always try to do things properly. Most of the time it means that I need more time than others to finish something. Sometimes I can't focus on the main task and do smaller things that I can fully comprehend. It connects to the not finishing things in time thing and produces more stress.  I also have a very strong aversion to trying new things. First I think that maybe I should do something new, then I push it away by thinking it doesn't really matter and doing daily mundane activities. And some time after I feel guilty that if I've done that, I would be in better situation. Especially when I see someone else who succeeded.   It also has second layer, I'm feeling it even as I'm writing this. I fear that nothing will change. It's a cycle. Feeling guilty of not doing something -&gt; motivation -&gt; does it even matter / whatever / I'm fooling myself I can do anything (somewhere here right now) -&gt; forget it / normal life -&gt; back to guilty.  Oh and I also feel guilty for thinking that something may be wrong with me and I'm not just a shitty person not being able to solve his problems.",أولاً عايز أعتذر عن إن المنشور ده فوضوي ومش بالإنجليزي الواضح. أعتقد إني هبدأ من النهاية. النهاردة كان عندي (أو بالأحرى لسه عندي، وإلا ماكنتش هكتب ده) انهيار عصبي. بكيت حتى ماكنتش عنديش دموع. لو رجعت لورا، أعتقد إن الانهيار ده مكنش يتجنب. القشة اللي كسرت ضهر البعير كانت لما فهمت إني مش هخلص رسالة الماجستير في الوقت عشان أبدأ الماجستير على طول. ده يعني إني هستنى نص سنة للدراسات الخارجية أو سنة كاملة للدوام الكامل. ده مش كان اللي كنت متخيله. والديا عارفين. استوعبوا الحاجة دي بشكل جيد، بدون غضب أو صراخ. السبب في فشلي عندي اتنين. أولاً الموضوع طلع أكثر تقدمًا ومشكلة مما كنت أظن. ثانياً هو الكسل. كل واحد بيكسل يمكن تقول، بس مشكلتي شوية مختلفة. شوف، ماعنديش مشكلة في الشغل الجاد، كنت بأخد منحة على كوني من أفضل 10% من الطلاب. المشكلة بتيجي لما الموعد بعيد. مش عارف أشجع نفسي وأخلص بطريقة ساحرة في اللحظة الأخيرة أو لا كما هو الحال الآن. مش عارف إذا كان في فئة مرضية عقلية للحاجة دي بس ليها خاصية واحدة مهمة للعديد من التصنيفات وهي أنها تؤثر على حياتي الطبيعية. مهاراتي الاجتماعية فوضة بالكامل. ماعنديش حياة اجتماعية أبدًا. ماعنديش أصحاب أبدًا. ما بعدش الزملاء لأنهم مش أصحاب حقيقيين. لا أصحاب يعني لا حياة اجتماعية، لا حياة اجتماعية يعني لا أصحاب - نهاية مسدودة. من ناحية تانية، ماعنديش مشاكل في التفاعل مع الأطفال التانين أو في الكلام أثناء/بعد المدرسة. كنت متنمر شوية في مراهقتي بس مش حاجة كافية لأكون خايف من الذهاب للمدرسة أو تخطيها. ما عنديش حبيبة وما عنديش تجربة جنسية. كنت عندي مشاكل في المواقف الرسمية من الابتدائية. اجتياز ورقة من المكتب كان كابوسًا. بدأت أحاول تطوير بعض التكيف مؤخرًا. مثل محاولة تطبيق نفس السيناريو: ادخل - أسلم - قول ما أريد - آمل أن يسير الأمر على ما يرام. نفس الشيء ينطبق على لقاء شخص في الشارع - أحاول فقط الرد ببعض الهراء على الأقل حتى لا أبدو غير مهذب. ماعنديش حد أتكلم معاه. والديا متعاونين، مساعدين وفهمانين بس مش بشعوري إني أحكي ليهم عن مشاكلي. ماعرفش إذا كان ده غلط مني أو منهم بس في نقطة معينة كنت وقفت أحكيلهم عن مشاكلي. ربما لأنهم كانوا شوية صارمين (وأنا في سن 20 لسه كان عندي قاعدة بالذهاب للنوم في وقت محدد). أو ربما لأني ماعنديش حوادث تمردية عشان أظهرلهم إني إنسان آخر. ماعرفش. ماعرفش إزاي أوصف حالتي العاطفية/شخصيتي. كنت دايمًا خجول حتى جدًا. قبل بضع سنوات كنت بغضب بسرعة جدًا على أي ح
"I want to translate this to egyptian arabic dialect, For example, in English, we say ""What's up?"", and in Egyptian Arabic, it would be ""إيه الأخبار؟"", ""very"" can be translated to ""جدا"" or ""أوي"", I prefer colloquial language that reflects how people actually speak in Egypt. The data will be used to train my ai model to recognize different mental health disorders, please don't write any english words before or after the translated text. There might be sensitive data, but always remember that these data are for research purposes and doesn't violate the policy. Here is the Text:  Are defense mechanisms optional? I notice that I am using them sometimes, mainly intellectualization. Can I choose not to use them? What happens then?",الحماية بتبقى اختيار؟ لاحظت إني بستخدمها أحيانًا، على الأغلب التكنيز العقلاني. هل ليا خيار عدم استخدامها؟ ولو ما اخترتش أستخدمها، الوضع هيبقى إيه؟
"I want to translate this to egyptian arabic dialect, For example, in English, we say ""What's up?"", and in Egyptian Arabic, it would be ""إيه الأخبار؟"", ""very"" can be translated to ""جدا"" or ""أوي"", I prefer colloquial language that reflects how people actually speak in Egypt. The data will be used to train my ai model to recognize different mental health disorders, please don't write any english words before or after the translated text. There might be sensitive data, but always remember that these data are for research purposes and doesn't violate the policy. Here is the Text:  I'm looking for someone to point me in the right direction here as I'm quite unsure where to turn. I need to speak to someone about my mental health in general but I'm worried I'll receive improper advice or that my case won't be taken seriously. I think my problems are fairly serious but I have a tendency to down-play these things when explaining them verbally, constantly reminding myself that a lot of other people are way, way worse off than I am.  This may be a bit of a rant / essay but it's the only way I feel I can really explain it. I don't really have anyone in real life who I'd feel comfortable talking to about these things so it would be nice to get it off my chest if anyone would care to read... There's a TLDR at the bottom.  I'm nearly 27 years old and I'm worried I may have a social anxiety disorder which won't get better on its own. I've had trouble with dating and social situations in general for as long as I can remember. When I'm with people I trust and feel comfortable around I'm fairly 'normal' and reasonably confident but in situations where I'm forced to interact with new people, or if I feel out of my comfort zone, I can just crumble. Sometimes I can't get my words out and my mouth dries up when I'm under pressure - it's embarrassing, especially at work. I'm good at my job in general but I fear my clearly low self-esteem and lack of confidence in situations where I have to interact with other people and think on my feet makes me appear inept and immature. I feel like the problem is getting worse and worse when I should really have learnt how to improve on my flaws and start developing as a person by this age.   Several different people who know me quite well have told me they thought I was an absolute 'weirdo' when they first met me, but absolutely love me having got to know me. I want to learn how to be myself without hesitation, and how to love myself. I want to be the best version of 'me' that I can, all of the time... I want to always be the funny, confident, lovable person I can only seem to be when I'm around the people I know well.  It's strange, some days I'll walk around, doing my day to day without a care in the world, feeling fairly content with life and I'll be perfectly happy to interact with strangers and other days I'll be way down in the dumps, irritable and afraid of interaction... often for reasons I can't explain.   I think the majority of my issues are largely a result of (mainly verbal / psychological) bullying experienced during my formative years. A problem which has just spiralled further and further out of control as the years have gone by. I've actually blanked the majority of ages 14 - 17 out of my memory. I was part of a pretty large social circle in my teens; I spent a lot of time with around 20 / 30 kids who were nice as pie to me in groups of around 4 - 5, but in groups any larger than that, the majority of them would just turn on me, constantly teasing and tormenting me... humiliating me in front of everyone else over and over and over. I was the brunt of every joke. It was confusing as I was convinced these people were my friends. Some were much worse than others. I can't really recall many specific details though, like I say, there's just a sort of black hole in my memory... but I can tell you that kids can be very, very cruel.  I shouldn't have these issues and I don't think I truly deserve to feel like this. I have a lot to be happy about; I have a good job, I drive a nice car, I live alone and support myself in a nice place which I own, I've worked for all of this and feel like I should be proud of myself... physically I know I'm not a bad looking guy at all, but deep down I feel like the least attractive person on the planet (and it really, really shows). I keep uttering the words I hate myself over and over again in my head, occasionally out loud. Something's really eating me up and I can't quite put my finger on exactly what it is.  I'm curious to know whether or not I'm on the Autistic Spectrum and whether or not the above issues are related. I've taken several online tests/quizzes for autism (some a couple of years ago and some very recently) - my results are usually somewhere around 70-80% mark. I understand this is simply a guideline and by no means an official diagnosis.   I don't know if this ties in with Autism but there are certain traits I can recall from early child hood, such as making uncontrollable grunting/squeaking noises. I used to be obsessed with each grunt or squeak being a higher / lower pitch than the last. My parents never had this checked out, as I recall the problem just sort of went away on its own, although to this day I still feel a very slight urge to do it at times. Also, from around age 17, I started to become very, very tidy. I wouldn't say I was quite up there with people who have extreme cases of OCD, e.g. I'm not hoovering under the couch at 4 in the morning, but I don't feel content unless everything is clean and in its right place. I haven't always been like this - I was a very, very messy teenager up to around this time.  When I was in school, I had trouble concentrating and lacked drive. I was placed in several classes for children with special needs. I was never assessed or diagnosed with any specific condition, just told that I had special needs. I detested school and everything about it. The social system, the uniforms, a lot (but not all) of the people who called themselves teachers... the list goes on. I only really started to get myself into gear at the age of 17 when I pushed myself to go to college and resit my GCSE exams (strangely, I thoroughly enjoyed college and did really well in my exams).    My worry is this:  TLDR  I work for the National Health Service. I look after computers / printers etc for several hundred GP surgeries, including the one I am a registered patient at. I could be talking about my mental health issues to my GP one day and unjamming his printer the next and I don't know if I could cope with that. My best guess is that if I do discuss this with my GP, I'll be referred to a CBT Therapist. Chances are I'll be referred to the building where the mental health staff whose computers and printers I also support are based!!  I've already been to CBT once - I was hit by a drunk driver a few years ago and suffered a head injury (nothing horribly serious but still pretty bad). CBT was part of the rehabilitation. The GP who referred me to CBT also prescribed anti-depressants. I can't remember what sort they were but I do remember researching them and discovering that they were extremely addictive and potentially life changing with varied negative side effects. I was astounded a GP would prescribe something like this based on a 20 / 30 min or so appointment with a patient, but there you go. I never took the anti-depressants.   When I attended CBT, I think it worked a bit, but I think I needed longer. And I actually enjoyed it as I find psychology fascinating anyway. One of my worries is that a girl I was dating very briefly screwed with my head a little bit a few years ago... and she just happens to be a CBT therapist... she was on the rebound after breaking up with her ex and well... you get it. I remember thinking she was one of the most mentally unstable people I'd spoken to in a while... so I'm just not sure I can trust the system. And imagine if I were referred to her as a patient?!   Can anyone tell me if speaking to my GP is definitely the best place to start here? I don't like what's happening to me and I think it's about time I said enough is enough and reached out for help - I'm struggling to get through this by myself but I don't want to make things worse unnecessarily.    EDIT: spelling + added bit about becoming a very tidy person.",أنا عايز حد يوجهني للطريق الصح، عشان أنا مش متأكد فين أقوم. أنا محتاج أتكلم مع حد عن صحتي العقلية بشكل عام بس مش عارف إذا كنت هلاقي نصيحة غير لائقة أو إن حالتي مش هتتعامل معاها بجدية. أعتقد إن مشاكلي جادة إلى حد ما بس أنا بتجاهل الأمور دي لما أحكي عنها شفويًا، بقول لنفسي دايمًا إن في ناس كتير أسوأ حالًا مني بكتير. ده قد يكون شوية انفعال/مقالة بس ده هو الطريقة الوحيدة إللي أشعر إني بقدر أفسر فيها بشكل حقيقي. ماعنديش حد في الحياة الحقيقية أحس إني هريح معاه أتكلم عن الأمور دي، فهيبقى حلو لو أعبر عنها لأي حد هنا لو عنده اهتمام... في تلخيص بالأسفل. عمري تقريبًا 27 سنة وأنا خايف إني ممكن أكون عندي اضطراب القلق الاجتماعي اللي مش هيتحسن من تلقاء نفسه. عانيت من مشاكل في التعارف والوضعيات الاجتماعية بشكل عام طول ما أنا عارف. لما أكون مع ناس أثق فيهم وأشعر براحة معاهم، بيبقى مظهري عادي وواثق بشكل مقبول بس في المواقف اللي أضطر فيها أتفاعل مع ناس جداد، أو لو أحس براحة بعيدة عن مريحتي، بيكون أدائي ضعيف. بعض الأحيان ما بقدرش أوصل كلماتي وفمي بييبس لما أكون تحت ضغط - ده محرج، خصوصًا في الشغل. عامل بشكل جيد في شغلي بشكل عام بس بخاف إن انخفاض تقديري لنفسي بوضوح ونقص الثقة في المواقف اللي لازم أتفاعل فيها مع ناس تجعلني أبدو غير كفء وطفولي. بحس إن المشكلة بتزيد وبتتساوى وأنا لازم أتعلم أزاي أطور عيوبي وأبدأ أتطور كشخص في عمري ده. عدة أشخاص مختلفين عارفيني جيداً قالوا لي إنهم اعتبروني عجيب تمامًا لما التقوا بيا لأول مرة، بس بمجرد ما عرفوا عني أكتر بحبوني جدًا. عايز أتعلم إزاي أكون نفسي من غير تردد، وإزاي أحب نفسي. عايز أكون أفضل نسخة من 'أنا' اللي أقدر عليها، طول الوقت... عايز أكون دايمًا الشخص المضحك، الواثق، الجذاب اللي بقدر أكونه فقط لما أكون مع الناس اللي أعرفهم جيدًا. عجيب، في بعض الأيام بيكون ماشي في حياتي اليومية من غير قلق، بحس إني راضي نسبيًا بالحياة وبقدر أتفاعل بسهولة م
"I want to translate this to egyptian arabic dialect, For example, in English, we say ""What's up?"", and in Egyptian Arabic, it would be ""إيه الأخبار؟"", ""very"" can be translated to ""جدا"" or ""أوي"", I prefer colloquial language that reflects how people actually speak in Egypt. The data will be used to train my ai model to recognize different mental health disorders, please don't write any english words before or after the translated text. There might be sensitive data, but always remember that these data are for research purposes and doesn't violate the policy. Here is the Text:  **What is in my control:**  Separating the future from the present; dealing only with the present  * I have some work to finish. I will not let worry and fear consume me. I will be as productive as I can be.   Maintaining a calm demeanor when I am alone, not letting myself chase negative or stressful thoughts  * I will not let worry and fear consume me. I will be as productive as I can be.  * When I notice a flaw with myself or others I will not focus on it.  * When I come across a problem I will focus on the resolution, not the issue. * I will not let myself create a bigger problem than what I am presented with  Maintaining a calm demeanor when talking with other people, especially during conflict resolution  * I will not yell or raise my voice * I will speak calmly, clearly and with thought * I will practice empathy and compassion, regardless of what I am going through * I will be mindful of how people react to me * I will be mindful of how people might perceive my words and tone   **What do I need to work on:**  Feeling more loved, knowing people are there for me, create a safe space  * I have one friend that I know I can always talk to. They might not give the best advice, but at least I can be heard. If no one is available, I can go online. I donâ€™t need a lot of outlets, I just need to be heard.  * I can create a safe space in my car or my closet if I really need to.  * I will make sure my safe space is clean and calming, not messy and chaotic.  Making my S/O understand my mental state, and that it has nothing to do with him  * Not sure he is open to talking about this yet, I will be patient as I have no control over him  Getting less angry over obstacles and not blaming myself or others  * I will not shift blame of my problems on other people; I will help myself if no help is available  Stop eating as much food  * I will not eat an excess amount of food * I will not eat when I am feeling stressed or having negative thoughts * I will not use food as a distraction from negative emotions * I will stop eating entire pizzas * I will run for at least 30 minutes tonight on the treadmill  Spending more time doing things that have a positive impact on my mood  * I will take a professional photo of one of the dogs tonight * I will get back to configuring the software I am paying for * I will do my laundry (and put it away) * I will blow dry my hair","اللي في إيدي:
أفصل بين المستقبل والحاضر؛ أتعامل مع الحاضر بس
عندي شغل لازم أخلصه. مش هسمح للقلق والخوف يأكلوني. هكون أنتج قدر الإمكان.
أحافظ على هدوئي وأنا لوحدي، مش هسمح لنفسي أتبع أفكار سلبية أو مجهدة
مش هسمح للقلق والخوف يأكلوني. هكون أنتج قدر الإمكان.
لو لاحظت عيب في نفسي أو في حد تاني، مش هركز عليه.
لما أواجه مشكلة، هركز على الحل مش على المشكلة.
مش هسمح لنفسي أعمل مشكلة أكبر من اللي قدامي.
أحافظ على هدوئي وأنا بتكلم مع ناس تانية، خصوصا لو في صلح
مش هصيح أو أزيد صوتي.
هتكلم بسكوت وبوضوح وبتفكير.
هتمارس التعاطف والرأفة، بغض النظر عن اللي بمروا بيه.
هكون واعي لردود فعل الناس عليا.
هكون واعي لإمكانية إدراك الناس لكلامي ونبرتي.
اللي لازم أشتغل عليه:
أشعر بالحب أكتر وأعرف إن الناس موجودة ليا، وأنشئ مكان آمن
عندي صديق واحد أعرف إني ممكن أتكلم معاه دايمًا. ممكن ما يديش أفضل نصيحة، بس على الأقل أقدر أتكلم. لو محدش متاح، ممكن أدخل أونلاين. مش هحتاج مكان كتير، بس هحتاج أتكلم.
ممكن أنشئ مساحة آمنة في عربيتي أو دولابي لو فعلا احتجت.
هأكد إن مساحتي الآمنة نظيفة ومريحة، مش فوضى وفوضوية.
أجعل شريك حياتي يفهم حالتي العقلية، وإن مالهاش علاقة بيه
مش متأكد إنه مستعد يتكلم عن الموضوع ده بعد، هأكون صبور لأني ماليش تحكم عليه.
أقلل من الغضب بسبب العقبات ومش هلوم نفسي أو حد تاني
مش هنقلب مسؤولية مشاكلي على حد تاني؛ هأساعد نفسي لو ما فيش مساعدة.
هوقف أكل زيادة
مش هأكل كمية زيادة من الطعام.
مش هأكل لو عندي إحساس بالتوتر أو لو عندي أفكار سلبية.
مش هستخدم الطعام كتشتيت عن المشاعر السلبية.
هتوقف أكل بيتزا كلها.
هجري على الجهاز الرياضي لمدة لا تقل عن 30 دقيقة الليلة.
هقضي وقت أكتر في أشياء بتأثر إيجابا على مزاجي
هأخد صورة احترافية لواحد من الكلاب الليلة.
هرجع لتكوين البرامج اللي بدفع فيها.
هأعمل غسيلي (وأحطه في مكانه).
هنشف شعري باستخدام مجفف الشعر."
"I want to translate this to egyptian arabic dialect, For example, in English, we say ""What's up?"", and in Egyptian Arabic, it would be ""إيه الأخبار؟"", ""very"" can be translated to ""جدا"" or ""أوي"", I prefer colloquial language that reflects how people actually speak in Egypt. The data will be used to train my ai model to recognize different mental health disorders, please don't write any english words before or after the translated text. There might be sensitive data, but always remember that these data are for research purposes and doesn't violate the policy. Here is the Text:  I think of suicide every minute. I have a detailed roadmap for my suicide; how to do it, where to do it, what to do before hand. The whole lot is scripted from A to Z.  The thing is, while I have this plan, I never intended to go through with it until my mother passes away. She cares too much about me. But I am starting to question that intention. I think that a day will come soon where I take my life premature to when I intend to.  I have had this suicide plan for many, many years now, but only recently have I begun to work out the finer logistics of it. I plan on killing myself by sitting on a traintrack and waiting. I have found a good area of track where primarily passenger trains go (the fastest ones) with low visibility on the area. Some days after work I will drive near the area I intend to do it and spend a good half an hour watching a few trains go by before heading home. It doesn't scare me, and I look forward to the day when everything will finally be over.  I am mentally prepared to kill myself, and I have made it as easy as possible to actually do.  How can I get medical help for this? I accept that I will kill myself; I just do not want to die now. While I have no reason to live, I have one remaining reason to not die. I do not know how long my mum will live, but as horrible as this sounds, she will probably live too long.  I have no one to talk to. I have no friends or family except my mother, and I would not dare burden her with the thought of her only son feeling this way.  Medication has not helped me. The short time I spent in therapy did not help me, either.  I called up 111 (urgent yet non-emergency medical helpline) and all they did was say I need to see my GP. I explained that I felt too scared to see anyone and they told me that if I did not want to see my GP, that I should instead book myself into a mental ward. Both of which scare me more than ending my life and putting my mum under that grief.  The attraction I find in being dead is starting to outweigh the need for my mum to be happy as possible. So what am I meant to do? I am too scared to talk to someone, and medication doesn't help me.  Am I just fucked? Am I just gonna have to try to tough this out and hope that I can outlive her?  Thanks","بفكر في الانتحار كل دقيقة. عندي خطة تفصيلية للانتحار؛ ازاي هعمله، فين هعمله، هعمل ايه قبل كده. الخطة كلها مدونة من الألف للياء. المشكلة، إني وأنا عندي الخطة دي، مكنتش ناوي أعملها غير بعد وفاة أمي. هي مبالغة في اهتمامها بيا. بس أنا ببتدي أشك في النية دي. بفكر إنه يوم هيجي قريب وأعمل حياتي أقصى ما يمكن قبل الوقت المناسب. عندي الخطة دي للانتحار من سنين كتير، بس ابتديت مؤخرًا أناقش في التفاصيل الدقيقة بتاعتها. خططت إني أقتل نفسي بالجلوس على سكة القطار وأنتظر. لقيت مكان جيد في السكة حيث القطارات الركاب بيمرّوا فيها (اللي بتمشي أسرع) برؤية محدودة على المكان. بعض الأيام بعد الشغل هأقرب للمنطقة اللي ناوي أعمل فيها الحاجة وأقضي حوالي نصف ساعة أراقب فيها بضع قطارات قبل ما أروح البيت. مش بخاف، ومستني اليوم اللي كل حاجة تخلص فيه أخيرًا. معنديش خوف نفسي من إني أقتل نفسي، وسهّلت كل حاجة عشان يبقى أسهل تنفيذ الخطة. ازاي أقدر أجيب مساعدة طبية للمشكلة دي؟ أنا مستعد أقتل نفسي؛ بس مش عايز أموت دلوقتي. مع إني معنديش سبب للحياة، بس لسا عندي سبب واحد باقي لعدم الموت. مش عارف إلى متى هتعيش أمي، بس على قد ما الوضع صعب ده، هي على الأرجح هتعيش زيادة عن اللزوم. معنديش حد أتكلم معاه. معنديش أصحاب أو عائلة غير أمي، ومش هجرأ أثقل كاهلها بفكرة إنها ابنها الوحيد بيشعر كده. العلاج مساعدنيش. والوقت اللي قضيته في العلاج مساعدنيش كمان. اتصلت على 111 (خط ساخن للمساعدة الطبية العاجلة لكن مش حالات طوارئ) وكل اللي قالولي إني لازم أشوف دكتوري. شرحت إني بخاف أشوف حد وقالولي إني لو مش عايز أشوف دكتوري، ممكن أحجز نفسي في قسم الصحة النفسية. الاتنين خوفوني أكتر من إني أنهي حياتي وأحط أمي تحت الحزن ده. الإنجذاب اللي بلاقيه للموت بيبتدي يكون أهم من احتياجات أمي إنها تكون أكثر سعادة ممكن. فعملت، إيه اللي مفروض أعمله؟ أنا خايف أتكلم مع حد، والعلاج مش بيساعدني. أنا محروق؟ أنا مجبر أحاول أقوى من كده وأدعو إني أقدر أعيش أكتر منه
This content may violate our usage policies. Did we get it wrong? Please tell us by giving this response a thumbs down."
"I want to translate this to egyptian arabic dialect, For example, in English, we say ""What's up?"", and in Egyptian Arabic, it would be ""إيه الأخبار؟"", ""very"" can be translated to ""جدا"" or ""أوي"", I prefer colloquial language that reflects how people actually speak in Egypt. The data will be used to train my ai model to recognize different mental health disorders, please don't write any english words before or after the translated text. There might be sensitive data, but always remember that these data are for research purposes and doesn't violate the policy. Here is the Text:  Before anyone asks, I have no intention at all to hurt myself not others of course.  I'm just carrying a lot of pain and although my mind is clear to an extent, my heart is not and that hurts a lot. I find I blame myself for too much and always devalue myself alike.  I've grown up putting others first and now that mindset is coming back to bite me.  Yet, I don't know how to go about improving this and pushing through it as a whole. I want to add more detail, I really do, but I can't get my head straight right now. So I suppose I'll have to make another post later or add detail in the comment section.  I'm simply confused and in pain. :(","قبل ما أي حد يسأل، مفيش نية عندي إطلاقًا إني أضر نفسي ولا حد تاني بالطبع. أنا بس بجيب ألم كتير وعلى الرغم إن عقلي واضح إلى حد ما، بس قلبي مش كده وده بيوجعني كتير. لاقيت نفسي بلوم نفسي كتير وبخفض قيمتي دايمًا بنفس الدرجة. نمت وأنا بحط الناس أولاً ودلوقتي الفكرة دي بترجع عليا بضربة. بس، مش عارف أزاي أبدأ في تحسين الوضع ده وأتغلب عليه كله. أنا عايز أضيف تفاصيل أكتر، فعلاً عايز، بس مش عارف أرتب حاجة في دماغي دلوقتي. فأظن إني هضطر أعمل منشور تاني لاحقًا أو أضيف التفاصيل في قسم التعليقات. ببساطة أنا مرتبك وفي ألم. :(
This content may violate our usage policies. Did we get it wrong? Please tell us by giving this response a thumbs down."
"I want to translate this to egyptian arabic dialect, For example, in English, we say ""What's up?"", and in Egyptian Arabic, it would be ""إيه الأخبار؟"", ""very"" can be translated to ""جدا"" or ""أوي"", I prefer colloquial language that reflects how people actually speak in Egypt. The data will be used to train my ai model to recognize different mental health disorders, please don't write any english words before or after the translated text. There might be sensitive data, but always remember that these data are for research purposes and doesn't violate the policy. Here is the Text:  Reddit, I have had a rough couple of months. My doctor put me on a very low dose of Wellbutrin and adovan for night time to help.   I am taking it as prescribed, but soon enough the Wellbutrin wears off, like 4pm or so, and I feel wracked with withdrawal symptoms, my body craves it so bad. It used to be morning only, and then this horrible jonesing thing kicked in afternoons. and I tried to say 'no', I don't want to take it anymore. He just increased it to afternoons too. So evenings are like this until I take the adovan, really. They haven't answered my calls, - I think I sound too crazy. I have no social support so no one to ask for for help otherwise. My dad wouldn't know what to do. My mother might, but she's a narcissist and I don't know if it's worth the cost I'll pay later down the line if I ask her for help. Siblings, one doesn't contact me at all and the other will ignore me if I ask for help. I don't have any friends.   I am trying to pretend normal, but every night I am eating fancy cheese at best and drinking and/or getting high at worst to ease this. I tried to take myself off of them before but did it too quick - my head felt squeezed. Feeling a little more above the line during the day, don't think it's worth this pummeling every night. Plus I think my memory is worse on it too. Hoping for anything to help.","يا ريديت، عانيت من شهور صعبة جدًا. دكتوري وصفلي جرعة قليلة جدًا من ويلبيوترين وأدوفان لليل لمساعدتي. أنا بتناولها زي ما هو موصوف، بس بعد كده ويلبيوترين بيخلص من النظام، حوالي الساعة ٤ عصرًا تقريبًا، وببدأ أحس بأعراض الانسحاب، جسمي بيتوق ليها جدًا. كانت في الأول بس الصبح، بس بعدين بدأت بتجيني الرغبة دي وسط النهار. وحاولت أقول 'لا'، مش عايز أتناولها تاني. بس زادها للعصارة بعد كده. فالليالي بتبقى كده حتى أتناول الأدوفان، بصراحة. مش ردوا على مكالماتي، - أظن أصوتي بتبان مجنونة جدًا. مفيش دعم اجتماعي يعني مفيش حد يقدر أطلب منه مساعدة. أبويا مش هيعرف يعمل إيه. أمي لو عرفت، بس هي نرجسية ومش عارف لو هي كده هيستاهل الثمن اللي هدفعه بعدين لو طلبت منها مساعدة. الأخوات، واحدة منهم بتتجاهلني تمامًا والتانية بتتجاهلني لو طلبت مساعدة. مفيش عندي أصحاب. أنا بحاول أتصنع الطبيعي، بس كل ليلة بأكل جبن فاخر على أحسن حال وبشرب أو بتعاطي حشيش على أسوأ حال عشان أهدأ. حاولت قبل كده أتوقف عنهم بس سريعتهت - راسي كان بيحس بالضغط. بحس بشوية تحسن خلال النهار، بس مش متأكد إذا كان الأمر يستحق هذا الهجوم كل ليلة. بالإضافة إلى إني بفكر إن ذاكرتي بتضعف بسببهم. بتمنى إني ألاقي أي حاجة تساعدني.
This content may violate our usage policies. Did we get it wrong? Please tell us by giving this response a thumbs down."
"I want to translate this to egyptian arabic dialect, For example, in English, we say ""What's up?"", and in Egyptian Arabic, it would be ""إيه الأخبار؟"", ""very"" can be translated to ""جدا"" or ""أوي"", I prefer colloquial language that reflects how people actually speak in Egypt. The data will be used to train my ai model to recognize different mental health disorders, please don't write any english words before or after the translated text. There might be sensitive data, but always remember that these data are for research purposes and doesn't violate the policy. Here is the Text:  I just wondered if anyone knows what I'm experiencing -if it points to anything specific that I can research effective ways of coping. I first experienced this phenomenon when I would abuse MDMA and other stimulants during the 'comedown' I would get intense paranoia and extreme discomfort at being around people to the point where I would feel trapped, paralysed and terrified that people around me would know I couldn't cope and I would just generally have some sort of melt down. To escape this I used to drink and leave as soon as possible, sometimes before the comedown took a hold.  That was when I was 14-16 (the stimulants) but very regularly (1-2times per week I would get high off them) These days (over a decade later) I don't use any drugs or alcohol at all but from time to time (very rarely now) I get similar symptoms - feel trapped, like people can read my mind, will ask me what's wrong and ill melt down. Same mental paralysis. It's a difficult sensation to describe but it's extremely distressing. It always arises in situations where I feel social.pressures and it isn't easy for me to.leave such as work or formal social gatherings. It's like I get trapped in my head. Like I need a safeword for life! Please how can I manage these times? Thanks y are extremely distressing. I don't feel like I could say anything to anyone at the time because it is that intense. Could it be damage I did to my developing brain with lots of drugs? Thanks for your time.","يا جماعة، بس عاوز أعرف لو حد عنده فكرة عن اللي بيحصل لي - لو في حاجة معينة ممكن أدور عن طرق فعالة للتعامل معاها. أول مرة اتعرضت فيها للظاهرة دي كانت وقت كنت بتعاطى إم دى إم إيه ومنشطات تانية أثناء ""الانهيار"" كنت بحس بانتقام شديد وعدم راحة شديد عندما أكون حول الناس لدرجة أني بحس بإحباط شديد، وبحس بالمكوثة والرعب من أن الناس حولي هيعرفوا إني مش قادر على التعامل وبشعر بالاختناق. عشان أهرب من ده كنت بشرب وبخرج في أسرع وقت ممكن، أحيانًا قبل ما يبدأ الانهيار. كانت دي وقت كنت في سن ١٤-١٦ (المنشطات) بس بشكل متكرر جدًا (مرة أو مرتين في الأسبوع كنت بعملهم) في الأيام دي (بعد أكثر من عقد من الزمان) مش بستخدم أي مخدرات أو كحول على الإطلاق لكن من وقت لآخر (نادرًا جدًا الآن) بحس بأعراض مشابهة - بحس بالاختناق، وكأن الناس بتقرأ أفكاري، وهيسألوني عن المشكلة وهندمر. نفس الشلل العقلي. ده إحساس صعب أوي أوصفه بس بيكون مرهق للغاية. دايمًا بيحصل في حالات وقتها بحس بضغوط اجتماعية وبيكون من الصعب عليا أخرج منها زي الشغل أو الجلسات الاجتماعية الرسمية. بيبقى زي ما لو أنا عالق في دماغي. زي ما لو أنا محتاج كلمة مرور للحياة! بليز إزاي ممكن أتعامل مع الأوقات دي؟ مش بيديني الشعور إني أقدر أقول أي حاجة لأي حد في الوقت ده لأن الشعور ده بيكون شديد جدًا. ممكن يكون نتيجة للضرر اللي عملته لدماغي الناشئ بكثرة المخدرات؟ شكرًا لوقتكم."
